episode,reward,avg_loss,loss_std,reward_std,win,lose,length,max_q,min_q,mean_q,epsilon
1,0,0.0,0.0,0.0,0,1,1,0.06905648,-0.048809845,-0.0059328056,1.0
2,-1.0,0.0,0.0,0.0,0,1,2,0.06905648,-0.048809845,-0.005932806,0.995
3,18.0,0.0,0.0,0.0,0,1,3,0.06905648,-0.051691692,-0.0064738616,0.990025
4,-1.0,0.0,0.0,0.0,0,1,2,0.06905648,-0.048809845,-0.005932806,0.985074875
5,17.0,0.0,0.0,0.0,0,1,4,0.06905648,-0.050392974,-0.006229818,0.9801495006250001
6,18.0,0.0,0.0,0.0,0,1,3,0.06905648,-0.050392974,-0.0061705653,0.9752487531218751
7,-1.0,0.0,0.0,0.0,0,1,2,0.06905648,-0.048809845,-0.005932806,0.9703725093562657
8,7.0,0.0,0.0,0.0,0,1,4,0.06905648,-0.051691692,-0.0061302655,0.9655206468094844
9,6.0,0.0,0.0,0.0,0,1,5,0.069247924,-0.051691692,-0.0062266286,0.960693043575437
10,0,0.0,0.0,0.0,0,1,1,0.06905648,-0.048809845,-0.0059328056,0.9558895783575597
11,-1.0,0.0,0.0,0.0,0,1,2,0.06905648,-0.048809845,-0.005932806,0.9511101304657719
12,9.0,0.0,0.0,0.0,0,1,2,0.06905648,-0.051691692,-0.006327726,0.946354579813443
13,9.0,0.0,0.0,0.0,0,1,2,0.06905648,-0.050392974,-0.00617019,0.9416228069143757
14,0,0.0,0.0,0.0,0,1,1,0.06905648,-0.048809845,-0.0059328056,0.9369146928798039
15,9.0,0.0,0.0,0.0,0,1,2,0.06905648,-0.050392974,-0.00617019,0.9322301194154049
16,18.0,0.0,0.0,0.0,0,1,3,0.06905648,-0.051691692,-0.0064738616,0.9275689688183278
17,0,0.0,0.0,0.0,0,1,1,0.06905648,-0.048809845,-0.0059328056,0.9229311239742362
18,0,0.0,0.0,0.0,0,1,1,0.06905648,-0.048809845,-0.0059328056,0.918316468354365
19,9.0,0.0,0.0,0.0,0,1,2,0.06905648,-0.050392974,-0.00617019,0.9137248860125932
20,0,0.0,0.0,0.0,0,1,1,0.06905648,-0.048809845,-0.0059328056,0.9091562615825302
21,24.0,0.0,0.0,0.0,0,1,7,0.069451876,-0.051691692,-0.006377824,0.9046104802746175
22,0,0.0,0.0,0.0,0,1,1,0.06905648,-0.048809845,-0.0059328056,0.9000874278732445
23,0,0.0,0.0,0.0,0,1,1,0.06905648,-0.048809845,-0.0059328056,0.8955869907338783
24,0,0.0,0.0,0.0,0,1,1,0.06905648,-0.048809845,-0.0059328056,0.8911090557802088
25,-1.0,0.0,0.0,0.0,0,1,2,0.06905648,-0.048809845,-0.005932806,0.8866535105013078
26,0,0.0,0.0,0.0,0,1,1,0.06905648,-0.048809845,-0.0059328056,0.8822202429488013
27,0,0.0,0.0,0.0,0,1,1,0.06905648,-0.048809845,-0.0059328056,0.8778091417340573
28,0,0.0,0.0,0.0,0,1,1,0.06905648,-0.048809845,-0.0059328056,0.8734200960253871
29,-1.0,0.0,0.0,0.0,0,1,2,0.06905648,-0.048809845,-0.005932806,0.8690529955452602
30,9.0,0.0,0.0,0.0,0,1,2,0.06905648,-0.050392974,-0.00617019,0.8647077305675338
31,0,24.525005340576172,0.0,0.0,0,1,1,0.06905648,-0.048809845,-0.0059328056,0.8603841919146962
32,0,19.69244384765625,0.0,0.0,0,1,1,0.050511893,-0.15435478,-0.0742411,0.8560822709551227
33,34.0,11.737025942121234,2.930182405605951,0.0,0,1,7,1.8891728,-0.5457964,0.18241356,0.851801859600347
34,36.0,3.647678995132446,1.0982028616873538,0.0,0,1,5,3.1823277,-0.46582323,0.76408815,0.8475428503023453
35,15.0,1.4832777579625447,0.34556451555723194,0.0,0,1,6,4.46059,-0.9724301,1.0600669,0.8433051360508336
36,0,1.593057632446289,0.0,0.0,0,1,1,3.6520536,-0.87124866,0.88811874,0.8390886103705794
37,0,2.7794411182403564,0.0,0.0,0,1,1,3.4554777,-0.8531387,0.82053185,0.8348931673187264
38,0,1.1722971200942993,0.0,0.0,0,1,1,3.037094,-0.7741871,0.7132684,0.8307187014821328
39,9.0,1.9798393249511719,0.07256102561950684,0.0,0,1,2,3.004024,-0.72888464,0.6860517,0.8265651079747222
40,-1.0,1.1551201343536377,0.15703868865966797,0.0,0,1,2,2.6405625,-0.6334723,0.61024153,0.8224322824348486
41,0,1.207051157951355,0.0,0.0,0,1,1,2.4859388,-0.5668921,0.6424288,0.8183201210226743
42,8.0,6.0729756355285645,1.1893287738747664,0.0,0,1,3,2.9940264,-0.5473076,0.81189984,0.8142285204175609
43,0,3.655850887298584,0.0,0.0,0,1,1,2.5010257,-0.13758975,0.9225071,0.810157377815473
44,0,3.1847846508026123,0.0,0.0,0,1,1,2.5734987,0.0780381,1.0655931,0.8061065909263957
45,16.0,2.077423119544983,0.4963325722846728,0.0,0,1,5,6.2327523,-0.053403106,2.0771966,0.8020760579717637
46,8.0,2.425013780593872,0.21064643280674317,0.0,0,1,3,10.586066,0.06500387,3.217908,0.798065677681905
47,18.0,1.8640642563501995,0.27447165634585663,0.0,0,1,3,11.54049,0.17289561,3.2723277,0.7940753492934954
48,9.0,1.6312479972839355,0.2906930446624756,0.0,0,1,2,11.37157,0.2008521,3.1568007,0.7901049725470279
49,18.0,1.3784486055374146,0.07917005078485649,0.0,0,1,3,7.962206,0.14886482,3.3118048,0.7861544476842928
50,9.0,1.4605374336242676,0.4343254566192627,0.0,0,1,2,7.013069,0.06861737,2.8721633,0.7822236754458713
51,7.0,2.0363160371780396,0.8885239243070379,0.0,0,1,4,10.227603,0.013443042,2.4377778,0.778312557068642
52,24.0,16.153976576668875,5.516472290957191,0.0,0,1,7,13.945824,0.040201984,4.2164674,0.7744209942832988
53,0,5.077001571655273,0.0,0.0,0,1,1,8.877609,0.7205558,5.0487065,0.7705488893118823
54,0,3.7152647972106934,0.0,0.0,0,1,1,10.462883,0.8436599,6.037175,0.7666961448653229
55,9.0,5.8533172607421875,0.023756980895996094,0.0,0,1,2,20.527672,1.0987877,9.059645,0.7628626641409962
56,17.0,7.466225981712341,1.4804115360615,0.0,0,1,4,31.946009,1.6791298,13.273233,0.7590483508202912
57,14.0,5.109904391424997,1.9901758999251538,0.0,0,1,7,39.00553,-2.0737715,17.789976,0.7552531090661897
58,0,6.984500885009766,0.0,0.0,0,1,1,28.28815,-1.0571721,15.810985,0.7514768435208588
59,0,6.606398582458496,0.0,0.0,0,1,1,27.642227,-0.5828359,15.601553,0.7477194593032545
60,7.0,5.303730368614197,0.510970454815451,0.0,0,1,4,37.074795,-0.41859508,16.84518,0.7439808620067382
61,0,3.053844690322876,0.0,0.0,0,1,1,27.431734,-0.099424325,15.492172,0.7402609576967045
62,9.0,295.45526123046875,29.87249755859375,0.0,0,1,2,35.65294,-0.5533282,15.336973,0.736559652908221
63,6.0,199.7355224609375,52.8606656293014,0.0,0,1,5,34.774075,0.45780265,16.811922,0.7328768546436799
64,0,118.3837890625,0.0,0.0,0,1,1,38.312458,3.2449276,18.374706,0.7292124703704616
65,0,71.54771423339844,0.0,0.0,0,1,1,41.66743,4.2818823,20.568798,0.7255664080186093
66,0,73.35557556152344,0.0,0.0,0,1,1,43.506367,5.1063695,21.837671,0.7219385759785162
67,0,52.97720718383789,0.0,0.0,0,1,1,44.78928,6.4849477,23.434605,0.7183288830986236
68,-1.0,21.48034954071045,4.238848686218262,0.0,0,1,2,50.518005,8.854801,28.124706,0.7147372386831305
69,0,12.957143783569336,0.0,0.0,0,1,1,55.745686,13.906408,33.260254,0.7111635524897149
70,0,16.96141815185547,0.0,0.0,0,1,1,62.265354,15.712013,37.314014,0.7076077347272662
71,0,16.72574234008789,0.0,0.0,0,1,1,64.7165,16.26687,38.652916,0.7040696960536299
72,0,884.073486328125,0.0,0.0,0,1,1,67.4828,16.4427,40.326725,0.7005493475733617
73,9.0,748.4251098632812,33.80975341796875,0.0,0,1,2,70.76099,15.113106,45.699455,0.697046600835495
74,-2.0,474.5582682291667,17.946071377286128,0.0,0,1,3,76.17613,15.48655,52.28603,0.6935613678313175
75,9.0,251.85940551757812,52.952423095703125,0.0,0,1,2,112.695694,15.768166,73.400406,0.6900935609921609
76,-1.0,244.59922790527344,3.8644256591796875,0.0,0,1,2,106.09514,15.516766,71.66369,0.6866430931872001
77,0,88.5440673828125,0.0,0.0,0,1,1,106.98654,18.553812,73.5061,0.6832098777212641
78,16.0,110.75191955566406,38.202285843641526,0.0,0,1,5,147.41847,21.556717,87.950615,0.6797938283326578
79,17.0,162.16570281982422,27.13963714032419,0.0,0,1,4,122.045685,28.565071,85.35971,0.6763948591909945
80,0,95.83009338378906,0.0,0.0,0,1,1,103.644875,41.448982,81.23601,0.6730128848950395
81,-1.0,175.2513198852539,9.487388610839844,0.0,0,1,2,138.36523,51.571533,105.8643,0.6696478204705644
82,0,3557.22802734375,0.0,0.0,0,1,1,150.54031,58.608635,118.06433,0.6662995813682115
83,0,3889.63427734375,0.0,0.0,0,1,1,157.4918,62.253895,120.33771,0.6629680834613705
84,8.0,3033.94921875,305.3545902707368,0.0,0,1,3,156.66684,60.181065,110.543335,0.6596532430440636
85,9.0,2168.0765380859375,321.2947998046875,0.0,0,1,2,127.37036,57.89267,92.80571,0.6563549768288433
86,9.0,1897.8460083007812,358.20086669921875,0.0,0,1,2,113.87427,55.476807,85.912445,0.653073201944699
87,44.0,1356.3226928710938,376.1813046030636,0.0,0,1,7,186.80766,57.30602,105.062195,0.6498078359349755
88,9.0,566.5913696289062,147.66156005859375,0.0,0,1,2,212.20734,90.23454,153.8221,0.6465587967553006
89,0,654.3871459960938,0.0,0.0,0,1,1,218.89006,102.95918,171.93858,0.6433260027715241
90,27.0,647.5831298828125,128.76688936399924,0.0,0,1,4,363.25128,111.084564,229.93889,0.6401093727576664
91,0,586.3050537109375,0.0,0.0,0,1,1,321.17117,137.33589,248.29391,0.6369088258938781
92,0,21551.87109375,0.0,0.0,0,1,1,342.76166,147.29541,264.50543,0.6337242817644086
93,17.0,19374.40966796875,3030.2333942825303,0.0,0,1,4,335.68732,98.256645,220.41895,0.6305556603555866
94,0,13847.21875,0.0,0.0,0,1,1,238.0534,84.72351,173.81966,0.6274028820538087
95,0,12975.982421875,0.0,0.0,0,1,1,243.64273,73.772385,173.75032,0.6242658676435396
96,8.0,12764.708658854166,483.98869613468605,0.0,0,1,3,280.34933,81.51156,195.77376,0.6211445383053219
97,0,9486.375,0.0,0.0,0,1,1,277.98618,98.02701,204.8256,0.6180388156137953
98,9.0,8633.15478515625,968.14404296875,0.0,0,1,2,284.62152,95.19335,209.18307,0.6149486215357263
99,31.0,4478.112353515625,1409.635506706252,0.0,0,1,10,426.6453,72.147,212.96605,0.6118738784280476
100,0,1820.7056884765625,0.0,0.0,0,1,1,248.00183,70.832344,180.34927,0.6088145090359074
101,25.0,3131.7830607096353,1637.5542441096625,0.0,0,1,6,394.56332,60.47509,238.06427,0.6057704364907278
102,9.0,3803.9002685546875,42.2269287109375,0.0,0,1,2,377.5497,80.43779,275.36005,0.6027415843082742
103,0,5770.77734375,0.0,0.0,0,1,1,378.19138,82.8776,284.22232,0.5997278763867329
104,13.0,4975.957824707031,2550.9643887092384,0.0,0,1,8,399.7489,74.678535,261.22308,0.5967292370047992
105,8.0,3238.223673502604,2154.1041230026835,0.0,0,1,3,309.744,73.14381,221.85475,0.5937455908197752
106,-1.0,2342.68017578125,1641.202392578125,0.0,0,1,2,276.64517,93.21174,221.81197,0.5907768628656763
107,0,6148.2138671875,0.0,0.0,0,1,1,256.33228,102.808586,208.60645,0.5878229785513479
108,4.0,3868.2942940848216,1344.1408114183548,0.0,0,1,7,262.86572,85.30577,167.38174,0.5848838636585911
109,-1.0,2511.2179260253906,1538.3196716308594,0.0,0,1,2,274.18433,125.68944,214.60733,0.5819594443402982
110,14.0,2468.2577514648438,1236.9210028892057,0.0,0,1,27,467.6601,87.8941,219.46866,0.5790496471185967
111,0,1729.630859375,0.0,0.0,0,1,1,234.0306,107.82316,177.58932,0.5761543988830038
112,-1.0,7930.888427734375,2518.364501953125,0.0,0,1,2,241.88583,104.94461,180.85121,0.5732736268885887
113,16.0,7288.430859375,1133.7810973504263,0.0,0,1,5,331.39355,106.036285,221.10605,0.5704072587541458
114,0,7539.5810546875,0.0,0.0,0,1,1,279.5197,107.29879,214.42862,0.567555222460375
115,15.0,2917.381388346354,501.22997773508,0.0,0,1,6,357.71472,111.4341,261.29285,0.5647174463480732
116,0,3228.105712890625,0.0,0.0,0,1,1,351.35336,114.21977,265.558,0.5618938591163328
117,0,2078.89990234375,0.0,0.0,0,1,1,351.15195,106.56122,263.88727,0.5590843898207511
118,8.0,1394.6706949869792,202.67047535144698,0.0,0,1,3,342.9773,97.141716,251.78546,0.5562889678716474
119,8.0,2231.0664876302085,604.9008665445638,0.0,0,1,3,329.26886,80.701355,229.96904,0.5535075230322891
120,0,1531.4554443359375,0.0,0.0,0,1,1,260.46863,67.76169,194.40417,0.5507399854171277
121,-1.0,1597.2047729492188,106.61395263671875,0.0,0,1,2,268.25867,60.711315,192.20584,0.547986285490042
122,0,1245.49755859375,0.0,0.0,0,1,1,249.21317,60.802784,187.33102,0.5452463540625918
123,0,1667.1845703125,0.0,0.0,0,1,1,235.55925,58.280823,175.68622,0.5425201222922789
124,-1.0,1791.656494140625,736.113525390625,0.0,0,1,2,224.3013,56.122047,165.9472,0.5398075216808175
125,-1.0,2292.0507202148438,346.09136962890625,0.0,0,1,2,217.65988,55.65336,158.91707,0.5371084840724134
126,0,1054.6357421875,0.0,0.0,0,1,1,208.86728,52.5287,153.58212,0.5344229416520513
127,-2.0,1795.1332600911458,564.1865671589012,0.0,0,1,3,207.27303,42.4956,139.97585,0.531750826943791
128,0,2583.36083984375,0.0,0.0,0,1,1,168.53941,39.834126,126.87235,0.5290920728090721
129,18.0,2422.9213053385415,221.23874277549425,0.0,0,1,3,192.8975,40.01314,130.95084,0.5264466124450268
130,-4.0,2141.12685546875,816.0688547249192,0.0,0,1,5,147.70921,41.12157,108.762596,0.5238143793828016
131,0,1662.169189453125,0.0,0.0,0,1,1,133.472,52.961273,98.71488,0.5211953074858876
132,-2.0,4207.159830729167,712.7725493964274,0.0,0,1,3,133.03685,57.590008,93.48211,0.5185893309484582
133,0,2830.451416015625,0.0,0.0,0,1,1,135.38914,66.48919,93.0886,0.5159963842937159
134,-5.0,3619.985880533854,742.3973530845956,0.0,0,1,6,130.7776,44.92185,86.25683,0.5134164023722473
135,9.0,1961.4026590983074,730.8120200689522,0.0,0,1,12,200.50188,36.169327,119.74573,0.510849320360386
136,-2.0,1058.86181640625,252.8886044438528,0.0,0,1,3,122.59291,25.298191,82.48222,0.5082950737585841
137,-2.0,1093.1737060546875,168.50052035856388,0.0,0,1,3,99.65173,16.047312,67.71911,0.5057535983897912
138,4.0,1044.646772112165,215.58954441673387,0.0,0,1,7,151.65985,13.5578375,66.01161,0.5032248303978422
139,-2.0,1512.0686442057292,533.600758677079,0.0,0,1,3,74.18744,15.266421,48.526478,0.500708706245853
140,18.0,872.0409405048077,324.1177438868379,0.0,0,1,13,311.26447,12.804953,102.911064,0.4982051627146237
141,-1.0,676.8106689453125,156.900146484375,0.0,0,1,2,110.97052,4.7739005,71.05681,0.49571413690105054
142,11.0,1836.5022338867188,319.68738621745155,0.0,0,1,10,159.75905,5.3765516,93.33151,0.4932355662165453
143,0,1484.6678466796875,0.0,0.0,0,1,1,115.64944,10.31333,78.90246,0.4907693883854626
144,4.0,933.0259650735294,449.3613874214613,0.0,0,1,17,224.25484,11.563076,128.0339,0.4883155414435353
145,-1.0,885.2135620117188,126.0087890625,0.0,0,1,2,138.06937,18.700739,84.959335,0.4858739637363176
146,0,657.9932861328125,0.0,0.0,0,1,1,130.54303,18.789618,81.62351,0.483444593917636
147,0,680.2786254882812,0.0,0.0,0,1,1,131.59471,21.67481,82.20634,0.4810273709480478
148,0,518.9912719726562,0.0,0.0,0,1,1,131.02188,19.871696,81.89553,0.47862223409330756
149,5.0,702.6431681315104,214.45506414980176,0.0,0,1,6,196.63246,20.718597,97.57049,0.47622912292284103
150,6.0,709.4218505859375,220.68919466238768,0.0,0,1,5,192.55704,19.060232,101.88987,0.4738479773082268
151,4.0,536.0987548828125,158.4394820614705,0.0,0,1,7,186.77354,16.497288,94.52822,0.47147873742168567
152,7.0,1395.9862976074219,511.58517851513614,0.0,0,1,4,158.99063,13.163431,75.212135,0.46912134373457726
153,-7.0,1056.3421478271484,528.9071327056333,0.0,0,1,8,126.411705,18.502316,77.061874,0.46677573701590436
154,-1.0,1139.0837707519531,415.2823181152344,0.0,0,1,2,122.676445,23.496796,82.56952,0.46444185833082485
155,4.0,868.1436157226562,395.1663057248991,0.0,0,1,7,176.01402,10.215761,94.483604,0.46211964903917074
156,69.0,839.6486968994141,282.073383683803,0.0,0,1,12,428.1587,-13.335868,132.48868,0.4598090507939749
157,0,781.4056396484375,0.0,0.0,0,1,1,197.57649,2.2409296,108.405846,0.457510005540005
158,0,850.0345458984375,0.0,0.0,0,1,1,200.96397,1.4876294,108.5522,0.45522245551230495
159,0,186.76976013183594,0.0,0.0,0,1,1,199.57007,1.1430811,107.359276,0.4529463432347434
160,8.0,726.3375854492188,114.68853279245545,0.0,0,1,3,199.60793,1.3326584,85.42826,0.4506816115185697
161,0,622.341064453125,0.0,0.0,0,1,1,218.21857,-1.0882927,112.719666,0.4484282034609769
162,23.0,5480.417236328125,791.2329788501911,0.0,0,1,8,375.18494,-2.0266118,103.785706,0.446186062443672
163,9.0,4580.35205078125,216.24462890625,0.0,0,1,2,168.45844,10.498307,86.7182,0.4439551321314536
164,9.0,4123.693359375,177.80126953125,0.0,0,1,2,141.73189,8.116957,82.84679,0.4417353564707963
165,14.0,3014.9245954241073,685.0875576967414,0.0,0,1,7,148.7911,0.30088198,77.45471,0.43952667968844233
166,51.0,2007.018798828125,568.4833935025159,0.0,0,1,10,325.0245,-24.586702,121.39524,0.43732904629000013
167,0,1583.820556640625,0.0,0.0,0,1,1,210.27216,5.1569276,129.0802,0.4351424010585501
168,0,1324.4569091796875,0.0,0.0,0,1,1,209.07332,5.911786,128.19931,0.43296668905325736
169,34.0,1230.4449724469866,403.0144145006466,0.0,0,1,7,207.14665,-17.175606,112.068565,0.43080185560799106
170,0,1195.576416015625,0.0,0.0,0,1,1,215.08157,9.900551,128.35771,0.4286478463299511
171,9.0,1034.7084045410156,124.33248901367188,0.0,0,1,2,238.23232,-21.903357,118.81264,0.42650460709830135
172,9.0,2356.8257446289062,441.36322021484375,0.0,0,1,2,225.2884,-17.132862,121.9729,0.42437208406280985
173,18.0,1816.597900390625,412.4133936231231,0.0,0,1,3,290.21713,-19.767742,132.43419,0.4222502236424958
174,17.0,1736.1349487304688,304.4586764159452,0.0,0,1,4,270.54633,-16.828522,126.78276,0.42013897252428334
175,21.0,1020.89287109375,287.43984438124033,0.0,0,1,10,282.98593,-18.028925,160.98611,0.4180382776616619
176,9.0,927.5755310058594,306.0235900878906,0.0,0,1,2,292.97092,-7.387614,136.6384,0.4159480862733536
177,7.0,822.6248168945312,70.18474444230122,0.0,0,1,4,286.8274,-10.800014,136.82065,0.41386834584198684
178,26.0,797.7944946289062,377.5789549122843,0.0,0,1,5,228.2908,0.8645555,127.56741,0.4117990041127769
179,43.0,740.5203993055555,320.00018960132724,0.0,0,1,18,326.72238,-7.0352216,156.8239,0.40974000909221303
180,14.0,670.9307807473575,275.1382938142931,0.0,0,1,17,340.56604,-6.8334236,192.69872,0.40769130904675194
181,27.0,829.2921142578125,585.119118967303,0.0,0,1,4,327.10248,-6.5246735,168.3083,0.40565285250151817
182,22.0,1659.8980645073784,656.0231597845338,0.0,0,1,9,338.18652,-3.2513952,171.02643,0.4036245882390106
183,34.0,1381.9203229631696,526.190338891524,0.0,0,1,7,344.5415,-2.7656617,182.18083,0.4016064652978155
184,52.0,1255.5906115080181,387.80314725354873,0.0,0,1,19,320.82925,1.0462366,146.34477,0.3995984329713264
185,16.0,1395.2156982421875,505.3675916834151,0.0,0,1,5,310.7405,-0.8162211,153.5057,0.3976004408064698
186,0,1657.0572509765625,0.0,0.0,0,1,1,291.11923,11.447941,170.83684,0.39561243860243744
187,0,1790.955078125,0.0,0.0,0,1,1,295.4103,10.804262,173.20418,0.3936343764094253
188,27.0,1324.6156921386719,355.15713859269863,0.0,0,1,4,332.42764,-2.4222617,175.73782,0.39166620452737816
189,-4.0,892.2388305664062,454.12265023793503,0.0,0,1,5,265.2116,24.224134,156.12213,0.3897078735047413
190,0,1776.6173095703125,0.0,0.0,0,1,1,250.25621,34.500645,154.15244,0.3877593341372176
191,30.0,1155.2991420200892,513.9784599060613,0.0,0,1,21,315.3764,3.3426447,173.95918,0.3858205374665315
192,0,2250.02294921875,0.0,0.0,0,1,1,207.145,22.664612,127.295876,0.38389143477919885
193,6.0,2115.21064453125,772.0566055253707,0.0,0,1,5,193.75987,21.752155,110.52421,0.3819719776053028
194,-1.0,1587.7061157226562,413.29034423828125,0.0,0,1,2,172.86931,50.20531,110.165726,0.3800621177172763
195,12.0,1201.9754927785773,447.2508717505661,0.0,0,1,19,297.50653,-3.1991162,139.97395,0.37816180712868996
196,-2.0,1112.6247965494792,202.2876725515333,0.0,0,1,3,228.0361,33.667267,150.49272,0.37627099809304654
197,25.0,1088.3340250651042,448.067203994923,0.0,0,1,6,283.96503,-4.968443,163.32762,0.3743896431025813
198,-9.0,833.3795227050781,296.9585353886756,0.0,0,1,10,222.81685,43.542675,146.44969,0.37251769488706843
199,24.0,709.1986650739398,156.15370311139787,0.0,0,1,7,287.72797,6.4190693,159.58968,0.3706551064126331
200,7.0,946.5775299072266,88.97343524547514,0.0,0,1,4,229.3786,35.130356,149.46848,0.36880183088056995
201,9.0,774.1533203125,23.312744140625,0.0,0,1,2,234.91243,9.416085,138.19278,0.3669578217261671
202,17.0,1146.964560372489,404.24969082169696,0.0,0,1,14,287.8938,-0.9215971,165.79956,0.36512303261753626
203,3.0,1100.7588348388672,643.1169098357891,0.0,0,1,8,252.20775,24.955019,141.70135,0.3632974174544486
204,9.0,1472.661865234375,148.4501953125,0.0,0,1,2,268.81348,-11.288141,148.07349,0.3614809303671764
205,18.0,718.9077962239584,108.77400824015182,0.0,0,1,3,297.65488,-12.076026,151.16127,0.3596735257153405
206,6.0,913.199560546875,256.8946159523924,0.0,0,1,5,270.93335,14.55749,141.55937,0.3578751580867638
207,55.0,870.411491394043,273.70150011703527,0.0,0,1,16,346.8133,-13.0782385,203.62222,0.35608578229633
208,-1.0,835.9650522867838,117.09139109228987,0.0,0,1,12,222.21675,31.91259,144.12816,0.3543053533848483
209,6.0,601.5481079101562,99.28999097244554,0.0,0,1,5,242.02129,-3.9980235,142.1515,0.35253382661792404
210,0,837.5859985351562,0.0,0.0,0,1,1,214.89845,63.39693,146.54509,0.3507711574848344
211,-6.0,886.1863316127232,194.22019648641447,0.0,0,1,7,241.88937,44.400517,152.44846,0.34901730169741024
212,-2.0,1337.678975423177,245.7265169026836,0.0,0,1,3,247.99184,37.86367,160.12369,0.3472722151889232
213,55.0,997.7035663311298,288.3174860165286,0.0,0,1,26,339.08936,-9.065338,190.8375,0.3455358541129786
214,-3.0,772.7021942138672,139.32253027644632,0.0,0,1,4,243.30144,51.977684,152.84598,0.3438081748424137
215,-5.0,1067.2319030761719,333.5888786775223,0.0,0,1,6,247.29868,51.29549,158.3751,0.3420891339682016
216,-5.0,863.2194237342247,292.79735683377197,0.0,0,1,26,249.6067,37.064182,153.23682,0.3403786882983606
217,-3.0,784.3909563337054,185.33164667366214,0.0,0,1,14,221.69873,68.21,142.7369,0.3386767948568688
218,-1.0,1213.1348876953125,89.5731201171875,0.0,0,1,2,211.82925,53.725697,138.8457,0.33698341088258443
219,-6.0,813.9023350306919,214.23642183003304,0.0,0,1,7,223.39046,53.59392,145.07484,0.3352984938281715
220,5.0,702.0421498616537,299.7451491009989,0.0,0,1,6,242.70511,19.082087,145.34679,0.33362200135903064
221,-9.0,870.6479064941407,191.94171178892697,0.0,0,1,10,226.03677,50.15523,150.22997,0.33195389135223546
222,-5.0,1275.0444946289062,562.1214757033417,0.0,0,1,6,218.237,57.341007,146.2105,0.3302941218954743
223,-4.0,1308.728369140625,516.4506482478396,0.0,0,1,5,203.79707,50.62769,140.40431,0.32864265128599696
224,7.0,866.7236022949219,268.6976986264861,0.0,0,1,4,240.7429,54.33532,150.48106,0.326999438029567
225,0,958.1624755859375,0.0,0.0,0,1,1,200.26817,67.35245,142.73724,0.3253644408394192
226,32.0,931.6075818292026,248.3804569430731,0.0,0,1,29,363.88608,30.445742,172.89116,0.3237376186352221
227,21.0,896.8298583984375,299.2269382002581,0.0,0,1,10,228.07896,66.693474,143.03656,0.322118930542046
228,8.0,778.8478597005209,66.93338740280245,0.0,0,1,3,213.77936,33.65383,131.7973,0.32050833588933575
229,9.0,729.00830078125,297.049560546875,0.0,0,1,2,219.6092,28.90008,129.84477,0.31890579420988907
230,0,726.9224243164062,0.0,0.0,0,1,1,189.43683,39.396744,129.68254,0.3173112652388396
231,53.0,813.9005940755209,263.5775213063428,0.0,0,1,18,401.7371,-0.9042715,203.82495,0.3157247089126454
232,-1.0,1691.0310668945312,324.87701416015625,0.0,0,1,2,253.01727,55.24789,171.95102,0.3141460853680822
233,14.0,1505.260044642857,497.83925043197604,0.0,0,1,7,297.80685,-0.15873754,174.24702,0.3125753549412418
234,-11.0,1074.5896733601887,493.48887703935355,0.0,0,1,12,300.0258,35.463066,190.37637,0.31101247816653554
235,-3.0,1171.3551025390625,235.6041677955147,0.0,0,1,4,299.73184,41.92095,189.63954,0.30945741577570285
236,-5.0,1124.5918477376301,386.40356966261584,0.0,0,1,6,279.185,70.76246,180.60597,0.3079101286968243
237,0,767.7542724609375,0.0,0.0,0,1,1,236.43132,130.31393,173.45084,0.3063705780533402
238,1.0,1016.6993774414062,152.35925645236622,0.0,0,1,10,274.40765,136.28348,189.12674,0.30483872516307353
239,-3.0,945.0464324951172,382.1139308635896,0.0,0,1,4,243.7644,105.26945,169.29124,0.3033145315372582
240,-1.0,947.3550720214844,46.322235107421875,0.0,0,1,2,244.91663,87.96137,167.3967,0.3017979588795719
241,8.0,947.509765625,176.8860110242548,0.0,0,1,3,248.8959,31.789925,155.10152,0.30028896908517405
242,7.0,1799.8847961425781,367.093740008262,0.0,0,1,4,253.59865,31.856945,153.12161,0.2987875242397482
243,-7.0,1759.3233947753906,778.5563299437882,0.0,0,1,8,277.90866,47.13,172.61272,0.29729358661854943
244,0,1067.3583984375,0.0,0.0,0,1,1,277.72134,55.798714,181.32187,0.29580711868545667
245,46.0,1623.5756051199776,627.9639763353752,0.0,0,1,35,515.8142,9.8054085,226.44737,0.2943280830920294
246,0,985.5845336914062,0.0,0.0,0,1,1,324.66522,52.449272,210.36177,0.29285644267656924
247,17.0,1389.034311467951,567.8505281615643,0.0,0,1,44,595.9403,-2.9605126,249.49265,0.2913921604631864
248,-7.0,1638.7400716145833,910.8302482581524,0.0,0,1,18,305.24554,120.016075,221.02194,0.28993519966087045
249,-3.0,1509.4716796875,365.69963674305745,0.0,0,1,4,260.77072,173.2298,218.07968,0.2884855236625661
250,35.0,1437.4517194959853,583.3866391368434,0.0,0,1,36,367.405,-22.295387,199.94968,0.28704309604425327
251,-1.0,1614.0393473307292,691.6360245272024,0.0,0,1,12,333.4156,49.504715,221.14775,0.285607880564032
252,2.0,3044.43896484375,695.1223862747365,0.0,0,1,9,339.76984,53.9261,223.95117,0.28417984116121187
253,-1.0,1745.918212890625,73.335205078125,0.0,0,1,2,354.12915,52.7593,227.4414,0.2827589419554058
254,19.0,1652.9231363932292,343.0168139118821,0.0,0,1,12,367.43933,17.676157,199.72392,0.28134514724562876
255,15.0,1327.2183265686035,285.518625806173,0.0,0,1,16,370.2367,-10.285685,211.72534,0.2799384215094006
256,9.0,1358.277732849121,392.491044625491,0.0,0,1,32,379.17752,-1.8174064,215.52202,0.27853872940185365
257,0.0,1189.7180342240767,338.2213746025297,0.0,0,1,11,312.68832,22.244629,178.65387,0.27714603575484437
258,0,1231.6123046875,0.0,0.0,0,1,1,289.9997,56.387466,174.17561,0.2757603055760701
259,-9.0,1134.3697570800782,224.66567108100443,0.0,0,1,20,314.80374,-1.7765844,170.13483,0.2743815040481898
260,24.0,1204.9767635569854,481.7644599675925,0.0,0,1,17,347.61383,8.049555,191.31638,0.2730095965279488
261,0,1894.055419921875,0.0,0.0,0,1,1,334.90903,21.604202,204.5877,0.27164454854530906
262,0,2939.46337890625,0.0,0.0,0,1,1,338.04022,29.07386,209.3243,0.2702863258025825
263,14.0,2059.1747257008274,543.9108471476956,0.0,0,1,17,398.7504,14.0358,224.57748,0.2689348941735696
264,-3.0,1576.9369201660156,144.32870395460483,0.0,0,1,4,354.55133,88.204735,243.18428,0.26759021970270175
265,-7.0,1513.583137512207,367.95938981810787,0.0,0,1,8,336.76593,102.18818,234.51445,0.2662522686041882
266,109.0,1316.9176807403564,386.8691315057306,0.0,0,1,32,368.2202,-18.96891,206.16837,0.2649210072611673
267,29.0,1168.2038823908026,331.22149236000973,0.0,0,1,22,357.49908,-11.90084,200.57918,0.26359640222486147
268,7.0,1227.3778584798176,325.53538776812206,0.0,0,1,24,385.29495,10.338106,224.8365,0.26227842021373715
269,36.0,1158.5267857142858,330.7268349979192,0.0,0,1,35,352.09674,-14.449991,223.41258,0.2609670281126685
270,4.0,929.6737060546875,252.96054804019678,0.0,0,1,7,352.15045,22.737377,219.46716,0.25966219297210513
271,-22.0,1020.9742450136127,190.68207318173506,0.0,0,1,33,346.75995,32.25094,216.16281,0.2583638820072446
272,-8.0,1593.6197509765625,671.5969221484012,0.0,0,1,9,363.5763,36.334076,229.71017,0.2570720625972084
273,15.0,1510.7921549479167,351.1574196675049,0.0,0,1,6,374.551,15.155478,227.21826,0.25578670228422234
274,15.0,1346.9085693359375,290.47537351982083,0.0,0,1,6,372.75055,32.61503,241.43506,0.25450776877280124
275,-2.0,1262.5198160807292,116.49016850617112,0.0,0,1,3,368.80447,94.48442,255.56668,0.2532352299289372
276,8.0,1346.2760593580163,388.28309422149675,0.0,0,1,23,365.63644,-6.8518248,223.20477,0.2519690537792925
277,11.0,1216.7810974121094,261.1111037360483,0.0,0,1,10,377.46878,11.840706,226.55743,0.2507092085103961
278,7.0,1320.3434448242188,374.66146912120075,0.0,0,1,4,381.93652,13.099188,221.64287,0.2494556624678441
279,17.0,1192.9915771484375,160.84495365521335,0.0,0,1,4,380.13348,15.577427,215.85564,0.24820838415550486
280,18.0,1312.4464111328125,454.02419217515825,0.0,0,1,3,385.43488,14.412859,218.23087,0.24696734223472733
281,39.0,1190.7936630249023,369.86382027039264,0.0,0,1,32,398.80414,9.552642,243.58911,0.2457325055235537
282,0,1491.048095703125,0.0,0.0,0,1,1,349.233,32.20549,221.02983,0.24450384299593592
283,10.0,1447.3536265980113,473.24553992222724,0.0,0,1,11,376.3367,14.11215,222.7232,0.24328132378095624
284,9.0,1353.8653564453125,204.3985595703125,0.0,0,1,2,374.01175,15.924446,223.53967,0.24206491716205145
285,9.0,1133.9715830485027,218.46248634492244,0.0,0,1,12,383.70197,9.565262,227.66835,0.2408545925762412
286,9.0,938.6074523925781,256.9167175292969,0.0,0,1,2,376.5801,11.14452,226.43375,0.23965031961336
287,16.0,1044.0277587890625,378.00281580670304,0.0,0,1,5,398.18866,11.846828,238.8959,0.2384520680152932
288,17.0,1314.8449401855469,452.25437205665656,0.0,0,1,4,394.37323,10.69907,236.67,0.23725980767521673
289,-5.0,1102.085428873698,332.71517318735715,0.0,0,1,6,360.37936,26.658693,232.3891,0.23607350863684065
290,-3.0,938.2900695800781,132.7788171134112,0.0,0,1,4,358.8028,44.003998,231.5206,0.23489314109365644
291,-11.0,1255.9264193448153,577.9895206346633,0.0,0,1,22,362.0563,37.989727,218.63104,0.23371867538818816
292,-7.0,1276.4313888549805,189.2099117777743,0.0,0,1,8,365.20468,85.75318,255.84302,0.23255008201124722
293,-1.0,1118.5150146484375,10.2335205078125,0.0,0,1,2,361.7401,130.00055,261.7625,0.231387331601191
294,-3.0,1121.2000732421875,246.70112289024257,0.0,0,1,4,359.4128,125.24731,256.73685,0.23023039494318503
295,-3.0,1328.854248046875,308.98346677042633,0.0,0,1,4,364.21454,116.7452,255.58488,0.2290792429684691
296,-1.0,1277.1927032470703,231.23952358316976,0.0,0,1,12,365.3253,46.404774,224.98314,0.22793384675362674
297,31.0,1182.920233154297,302.28057331450026,0.0,0,1,10,398.23816,-45.064495,224.1204,0.22679417751985861
298,9.0,1182.37158203125,10.906005859375,0.0,0,1,2,390.10538,30.377668,248.91487,0.22566020663225933
299,16.0,1582.1501953125,667.6906090169832,0.0,0,1,5,390.0335,32.5275,245.42793,0.22453190559909803
300,0,4168.28515625,0.0,0.0,0,1,1,383.52286,76.15526,260.88495,0.22340924607110255
301,8.0,1032.5035196940105,169.23853578469732,0.0,0,1,3,391.7621,30.268633,244.89328,0.22229219984074702
302,9.0,1655.8761596679688,330.85675048828125,0.0,0,1,2,387.7401,29.97492,247.00485,0.2211807388415433
303,40.0,1444.1089089133523,306.53376492208855,0.0,0,1,11,393.40298,-10.235801,213.69618,0.22007483514733558
304,-20.0,1271.0379192073171,312.0990753119563,0.0,0,1,41,414.33072,47.184586,261.4897,0.2189744609715989
305,25.0,1204.1651102701824,320.35098375729433,0.0,0,1,6,403.75433,33.58388,249.64984,0.2178795886667409
306,0,910.94580078125,0.0,0.0,0,1,1,387.13016,53.122738,251.44527,0.2167901907234072
307,0,1135.694091796875,0.0,0.0,0,1,1,387.7936,53.016808,250.44121,0.21570623976979014
308,11.0,1329.9683410644532,316.29352367364135,0.0,0,1,10,396.58676,40.639545,254.44376,0.21462770857094118
309,0,1036.044921875,0.0,0.0,0,1,1,381.95227,80.678,253.92197,0.21355457002808648
310,-8.0,1010.8556586371528,184.70450315969953,0.0,0,1,9,385.3979,87.60987,258.55975,0.21248679717794605
311,35.0,1309.7201881408691,338.2976620799651,0.0,0,1,16,391.33466,-25.33418,235.892,0.21142436319205632
312,0,1296.6807861328125,0.0,0.0,0,1,1,398.83356,41.12322,254.39243,0.21036724137609603
313,46.0,1299.6631909179687,384.2134230552018,0.0,0,1,25,404.24924,-25.298111,296.91058,0.20931540516921554
314,57.0,1285.3299822126116,684.1715773925885,0.0,0,1,14,415.48666,-30.380415,262.96045,0.20826882814336947
315,-7.0,1252.1661682128906,554.4738002347055,0.0,0,1,8,421.33408,83.84259,280.1911,0.20722748400265262
316,-1.0,1374.584228515625,536.4429931640625,0.0,0,1,2,420.9864,65.20362,274.05774,0.20619134658263935
317,-14.0,1146.5052804129464,326.1168225599058,0.0,0,1,35,417.03354,14.664364,232.53696,0.20516038984972615
318,-5.0,1218.7233988444011,196.69266100780183,0.0,0,1,6,420.6465,33.101665,263.7914,0.2041345879004775
319,-2.0,1325.0909830729167,375.51240537167035,0.0,0,1,3,414.0267,39.145878,261.2034,0.2031139149609751
320,3.0,1069.5935134887695,260.1231444527505,0.0,0,1,8,396.28775,18.193962,236.91423,0.20209834538617025
321,6.0,963.4309814453125,231.53169885880453,0.0,0,1,5,378.53296,41.359955,230.65665,0.2010878536592394
322,6.0,1288.1189697265625,464.87121156463184,0.0,0,1,5,391.811,32.122856,238.12238,0.2000824143909432
323,110.0,1230.2689906529017,394.6242223843377,0.0,0,1,21,402.172,-73.91941,230.1839,0.19908200231898848
324,-3.0,1186.8220825195312,100.07268846225101,0.0,0,1,4,380.9467,22.250446,230.45816,0.19808659230739353
325,-12.0,1139.3497032752405,240.9084728901505,0.0,0,1,13,373.77292,43.88781,245.00208,0.19709615934585656
326,7.0,1571.1356375558037,973.612584811318,0.0,0,1,14,400.89523,32.71306,252.12605,0.19611067854912728
327,8.0,1079.7568359375,213.7675917798236,0.0,0,1,3,393.89297,10.394963,227.59625,0.19513012515638165
328,1.0,1192.3706604003905,495.2329233696357,0.0,0,1,10,379.94937,-4.0774283,208.11696,0.19415447453059972
329,21.0,1130.4094299316407,380.88739082887054,0.0,0,1,10,383.86826,3.2390501,225.18741,0.19318370215794672
330,-13.0,1171.7070719401042,269.978630104282,0.0,0,1,24,412.1894,3.278488,234.18327,0.192217783647157
331,12.0,1205.139383951823,335.90624194831264,0.0,0,1,9,407.92044,7.0372286,241.91849,0.1912566947289212
332,-6.0,1305.7479642980238,400.3979762765542,0.0,0,1,17,420.49152,1.0427692,244.523,0.1903004112552766
333,-8.0,1099.9809317753234,341.9855476542585,0.0,0,1,29,434.8955,7.980833,253.09386,0.18934890919900021
334,-6.0,1170.364595301011,272.220677967814,0.0,0,1,17,428.8032,5.6050444,254.11906,0.18840216465300522
335,-2.0,1216.6182436735733,483.4466908301926,0.0,0,1,23,418.12473,13.350262,250.61131,0.18746015382974018
336,17.0,1104.5116271972656,203.55836494818166,0.0,0,1,4,401.8891,25.612083,247.49048,0.1865228530605915
337,5.0,1218.5208892822266,412.535793409558,0.0,0,1,16,415.39694,31.665464,253.10608,0.18559023879528855
338,8.0,1387.692626953125,553.1820601860315,0.0,0,1,3,420.46588,21.801062,259.1841,0.1846622876013121
339,-42.0,1097.8731120906464,303.4498069421812,0.0,0,1,73,432.7563,54.381897,245.70192,0.18373897616330553
340,5.0,1179.8274637858074,277.64469693408654,0.0,0,1,6,402.03677,12.17775,250.7797,0.182820281282489
341,13.0,1120.5732421875,271.25276915658714,0.0,0,1,18,415.60367,-29.652935,246.95168,0.18190617987607657
342,0,1216.32666015625,0.0,0.0,0,1,1,382.9736,9.663936,228.40129,0.18099664897669618
343,-2.0,1500.4153301532451,652.3246016077884,0.0,0,1,13,405.6807,20.509407,212.13982,0.1800916657318127
344,-7.0,1166.4821404351128,237.61661324208077,0.0,0,1,18,390.0205,89.02907,226.11308,0.17919120740315364
345,8.0,1176.3440410907451,222.595069517308,0.0,0,1,13,436.56848,57.3969,245.1912,0.17829525136613786
346,2.0,1218.7469821506077,530.1646846101602,0.0,0,1,9,435.6558,58.38299,250.01404,0.17740377510930716
347,0.0,1218.6520885120738,301.1706019254277,0.0,0,1,11,431.11505,73.266464,262.1132,0.17651675623376062
348,-8.0,1305.1992412366365,352.39605697732344,0.0,0,1,19,431.27557,29.875603,258.44977,0.1756341724525918
349,-3.0,1151.7975769042969,283.8512334688935,0.0,0,1,4,414.523,72.46315,267.4533,0.17475600159032884
350,2.0,1044.8902840449891,166.79309607613945,0.0,0,1,29,457.39816,95.03682,288.5694,0.17388222158237718
351,6.0,1108.8670532226563,302.81744346005127,0.0,0,1,5,450.76505,72.53079,291.74707,0.1730128104744653
352,7.0,2187.0741577148438,307.932736631629,0.0,0,1,4,451.976,36.964386,268.9749,0.17214774642209296
353,-17.0,1439.4865155901227,361.6587968131791,0.0,0,1,28,473.26367,18.161425,274.00598,0.1712870076899825
354,-6.0,1309.7582307038483,398.1163596969771,0.0,0,1,27,472.06888,13.812071,279.85773,0.17043057265153258
355,0,1105.9349365234375,0.0,0.0,0,1,1,428.12637,2.7300127,260.54572,0.16957841978827493
356,7.0,1217.2894287109375,390.56590763913306,0.0,0,1,4,441.23032,8.1998415,261.1564,0.16873052768933355
357,-4.0,1439.847802734375,292.43803182505263,0.0,0,1,5,427.71265,18.182613,257.38956,0.1678868750508869
358,0,1310.6309814453125,0.0,0.0,0,1,1,424.79623,23.217995,257.97647,0.16704744067563246
359,-2.0,1167.9838053385417,191.04507231479548,0.0,0,1,3,431.3136,21.977333,262.08804,0.1662122034722543
360,0,669.2957153320312,0.0,0.0,0,1,1,432.458,22.198221,263.78543,0.16538114245489302
361,8.0,1384.57861328125,122.73631640589849,0.0,0,1,3,441.91888,22.90668,267.9281,0.16455423674261854
362,7.0,1370.6128234863281,302.23332374046544,0.0,0,1,4,443.80768,26.422451,270.5467,0.16373146555890544
363,8.0,1287.5475260416667,454.8281683405334,0.0,0,1,3,459.79218,24.311827,273.70245,0.16291280823111093
364,-10.0,1348.677009828629,432.66848276644834,0.0,0,1,31,466.06723,15.256268,273.3696,0.16209824418995536
365,0,1356.159912109375,0.0,0.0,0,1,1,463.25333,28.373333,289.7845,0.16128775296900558
366,9.0,1275.01318359375,311.303955078125,0.0,0,1,2,461.88992,16.300306,278.73697,0.16048131420416054
367,9.0,1177.5894775390625,45.2774658203125,0.0,0,1,2,455.7596,17.735153,274.60193,0.15967890763313974
368,-2.0,1231.5313251201924,413.98330401200076,0.0,0,1,13,457.56116,9.198,271.24774,0.15888051309497406
369,9.0,1380.1488037109375,85.4405517578125,0.0,0,1,2,463.2129,17.61913,282.70932,0.1580861105294992
370,8.0,1332.3936767578125,136.6346380760094,0.0,0,1,3,475.46313,29.409334,296.13608,0.1572956799768517
371,3.0,1338.3125686645508,350.5400290395601,0.0,0,1,8,485.3413,45.186996,308.10764,0.15650920157696743
372,0,1438.548095703125,0.0,0.0,0,1,1,456.47366,43.544823,289.88596,0.1557266555690826
373,0.0,1394.0163685191762,265.501084997089,0.0,0,1,11,481.0362,35.134335,293.49292,0.1549480222912372
374,3.0,1331.9032558865017,205.31730665501055,0.0,0,1,18,500.1202,24.873236,296.52423,0.15417328217978102
375,-3.0,1356.081795828683,287.1316309140273,0.0,0,1,14,497.81345,57.023804,321.91364,0.1534024157688821
376,-13.0,1391.9627507527669,390.62873524098393,0.0,0,1,24,489.8248,92.78738,305.52063,0.1526354036900377
377,-1.0,1089.4171752929688,35.76531982421875,0.0,0,1,2,415.14963,142.20424,300.2437,0.1518722266715875
378,1.0,1279.449530029297,359.4836928788968,0.0,0,1,10,475.98813,112.76916,303.99106,0.15111286553822956
379,-2.0,1091.4285888671875,130.52229215447804,0.0,0,1,3,449.18726,135.84889,318.18735,0.15035730121053842
380,-4.0,1269.3753662109375,309.10045768894196,0.0,0,1,5,460.7514,154.70807,324.2769,0.14960551470448571
381,8.0,1317.2176106770833,77.21919903696886,0.0,0,1,3,462.8694,128.52768,291.89938,0.14885748713096328
382,-5.0,2734.2581787109375,830.1870949046369,0.0,0,1,6,457.54486,131.09836,317.18866,0.14811319969530845
383,-25.0,1588.6982760959202,741.0796728229797,0.0,0,1,36,467.74274,163.99289,324.76453,0.1473726336968319
384,-27.0,1393.3547678980335,417.3986970500413,0.0,0,1,58,479.5057,66.64146,311.71805,0.14663577052834775
385,-5.0,1267.444559733073,478.2579345231635,0.0,0,1,6,484.12064,54.407665,305.11072,0.14590259167570602
386,-1.0,1357.6859334309895,318.89728347811695,0.0,0,1,12,504.9873,65.14297,325.07806,0.1451730787173275
387,-14.0,1398.9674536132814,461.0687310545056,0.0,0,1,25,504.39807,68.749466,328.79117,0.14444721332374086
388,-7.0,1544.8163986206055,563.9414029599927,0.0,0,1,8,500.04596,124.64421,340.0164,0.14372497725712216
389,-12.0,1417.3810237004207,448.1903716115374,0.0,0,1,13,503.16638,125.41941,336.3899,0.14300635237083656
390,-8.0,1326.6229142813847,369.831902510558,0.0,0,1,29,501.142,77.60658,298.51535,0.14229132060898236
391,-3.0,1349.0372140066963,216.30535802520237,0.0,0,1,14,464.3901,45.237473,293.15317,0.14157986400593744
392,1.0,1790.3512329101563,495.03941930947514,0.0,0,1,10,501.54654,80.95556,317.03693,0.14087196468590776
393,-1.0,1655.2352294921875,515.94407515768,0.0,0,1,12,537.0817,63.94673,310.4323,0.14016760486247823
394,-19.0,1335.1956665039063,298.4718522414006,0.0,0,1,20,494.89304,72.92546,310.22522,0.13946676683816583
395,-7.0,1370.8151397705078,363.1308193743964,0.0,0,1,8,492.9877,48.16091,308.17456,0.138769433003975
396,-5.0,1623.4573262532551,551.1100994486026,0.0,0,1,6,512.9308,58.749626,324.8522,0.13807558583895513
397,-19.0,1641.57001953125,375.0837558473165,0.0,0,1,30,516.08545,43.703533,321.81058,0.13738520790976036
398,6.0,1320.868603515625,204.68448447176488,0.0,0,1,5,500.75168,47.224064,275.29788,0.13669828187021155
399,7.0,1301.2742309570312,374.62950404592164,0.0,0,1,4,499.70276,56.530525,287.34418,0.13601479046086049
400,-2.0,1465.4217936197917,484.84358397013244,0.0,0,1,3,505.00143,91.92217,328.47122,0.1353347165085562
401,-2.0,1192.7651774088542,78.45086764620656,0.0,0,1,3,498.55618,75.331215,321.88953,0.1346580429260134
402,19.0,1460.0837344215029,423.8375075123195,0.0,0,1,42,541.5546,-79.60217,304.83698,0.13398475271138335
403,-11.0,1613.3217671712239,431.58506755744935,0.0,0,1,12,542.6142,115.945366,364.39017,0.13331482894782642
404,2.0,1512.016357421875,495.2134557911227,0.0,0,1,9,510.4274,187.22485,359.23602,0.13264825480308728
405,0,1505.2177734375,0.0,0.0,0,1,1,466.8441,192.90373,349.99698,0.13198501352907185
406,0,1716.467529296875,0.0,0.0,0,1,1,462.7107,193.1121,347.78452,0.1313250884614265
407,0,1049.397216796875,0.0,0.0,0,1,1,463.057,189.0641,346.03412,0.13066846301911936
408,0,1755.7239990234375,0.0,0.0,0,1,1,462.0274,183.35582,342.9052,0.13001512070402377
409,9.0,1562.8518676757812,509.92498779296875,0.0,0,1,2,460.42932,181.13063,339.77936,0.12936504510050365
410,0,1461.1617431640625,0.0,0.0,0,1,1,451.0988,197.21481,344.22324,0.12871821987500112
411,0,1671.7574462890625,0.0,0.0,0,1,1,448.977,202.90285,346.0665,0.12807462877562611
412,-7.0,1581.6143624441963,490.5515815009978,0.0,0,1,28,537.721,131.58614,321.75012,0.12743425563174798
413,0,1036.9609375,0.0,0.0,0,1,1,447.05017,143.80013,281.7089,0.12679708435358925
414,-10.0,1645.8707826675907,699.3905965558115,0.0,0,1,31,526.17053,140.73329,340.40228,0.1261630989318213
415,63.0,1523.7712070240693,469.1481893020432,0.0,0,1,68,530.9287,-73.91648,347.29996,0.1255322834371622
416,-6.0,1419.0411725725446,366.3927052762647,0.0,0,1,7,511.36334,85.34763,323.51508,0.12490462201997637
417,-9.0,1395.8938110351562,347.1544130066951,0.0,0,1,20,510.18945,73.69518,323.50192,0.1242800989098765
418,-23.0,1479.5566660563152,442.5174873559711,0.0,0,1,24,510.40244,94.77846,332.30917,0.12365869841532712
419,-5.0,1343.1538492838542,234.9734589096532,0.0,0,1,6,516.05585,128.298,339.47354,0.12304040492325048
420,4.0,1296.1590576171875,324.0180555354339,0.0,0,1,7,515.6451,79.179016,328.11453,0.12242520289863423
421,-17.0,1250.406962076823,295.02026890436974,0.0,0,1,18,502.6066,55.43965,314.2981,0.12181307688414106
422,-47.0,1736.6593768780049,467.39639069623155,0.0,0,1,78,584.3525,66.27396,352.1866,0.12120401149972035
423,-21.0,1343.7024555206299,318.9839806343682,0.0,0,1,32,526.4302,34.181564,321.56656,0.12059799144222175
424,0,2442.86083984375,0.0,0.0,0,1,1,512.03125,90.25171,321.97012,0.11999500148501063
425,-22.0,1517.6628943154979,424.1946907309988,0.0,0,1,43,540.8972,31.454618,332.18533,0.11939502647758558
426,-6.0,1372.8165370396205,269.08988882344306,0.0,0,1,7,482.31985,19.491953,296.8117,0.11879805134519765
427,12.0,1476.8317618534484,491.67403819091834,0.0,0,1,29,495.02206,-77.373,305.45792,0.11820406108847166
428,2.0,1321.5738389756943,251.81803903437344,0.0,0,1,9,509.12756,26.131681,309.12384,0.1176130407830293
429,-33.0,1544.1471765691583,485.6366931767514,0.0,0,1,44,528.34375,56.56768,343.525,0.11702497557911415
430,-16.0,1549.1955135569854,383.26658341041343,0.0,0,1,17,517.70447,131.4299,347.75647,0.11643985070121858
431,98.0,1510.4700848979335,420.00268699508297,0.0,0,1,93,552.991,-104.29515,323.1883,0.11585765144771248
432,-2.0,2042.7078857421875,1180.1386668861344,0.0,0,1,3,509.78427,6.2997227,298.12848,0.11527836319047392
433,-2.0,2126.2047119140625,239.40874278427597,0.0,0,1,3,521.01117,23.03386,311.66998,0.11470197137452155
434,-27.0,1664.1143124898274,701.7974544741527,0.0,0,1,48,565.5102,-3.8544567,340.5713,0.11412846151764894
435,57.0,1552.3660227457683,460.71393182258015,0.0,0,1,24,524.46765,-95.344925,330.94446,0.1135578192100607
436,5.0,1673.9707829402043,306.716633162914,0.0,0,1,26,571.2857,85.88329,380.6051,0.11299003011401039
437,-7.0,1475.7767639160156,282.9445180872494,0.0,0,1,8,496.6743,145.91971,345.64606,0.11242507996344034
438,-2.0,1417.7969156901042,99.05203327026649,0.0,0,1,3,514.6011,165.2553,358.54318,0.11186295456362313
439,-5.0,1698.459240383572,477.42481070855735,0.0,0,1,36,550.3947,49.182487,365.42453,0.11130363979080501
440,-7.0,1376.6953887939453,295.3905300350835,0.0,0,1,8,526.91254,93.04009,334.0984,0.11074712159185099
441,-28.0,1417.8752230940195,292.6787593790131,0.0,0,1,29,532.6527,99.542145,327.86487,0.11019338598389174
442,-6.0,1844.342494419643,288.83562503239335,0.0,0,1,7,558.77905,98.631714,354.81488,0.10964241905397228
443,8.0,1444.2574869791667,355.6218323420874,0.0,0,1,3,554.4537,92.55216,336.15976,0.10909420695870241
444,-3.0,1782.178745814732,638.9818040235182,0.0,0,1,14,542.9132,85.99345,304.28528,0.1085487359239089
445,-25.0,1476.2084256685698,306.4124890506789,0.0,0,1,26,569.92535,80.75725,358.37152,0.10800599224428936
446,-5.0,1536.679428100586,254.63702387794498,0.0,0,1,16,571.7065,70.30675,362.77887,0.10746596228306791
447,1.0,1513.190362548828,509.8036942334056,0.0,0,1,20,575.4573,58.409424,346.3125,0.10692863247165257
448,1.0,1511.6051147460937,294.36692461663245,0.0,0,1,10,580.51904,138.00867,378.85892,0.1063939893092943
449,0.0,1598.204911665483,386.9557295389974,0.0,0,1,11,586.2218,66.61513,358.227,0.10586201936274783
450,84.0,1580.05567135028,382.1002838646281,0.0,0,1,67,563.22437,-47.34317,359.6242,0.10533270926593409
451,-1.0,1559.7906494140625,263.42529296875,0.0,0,1,2,576.47394,110.72827,382.84528,0.10480604571960442
452,-26.0,2013.34540020978,398.1338273156899,0.0,0,1,27,616.7369,96.840645,395.44443,0.1042820154910064
453,-2.0,2624.2564697265625,755.3495985471328,0.0,0,1,3,594.83295,176.98347,413.09393,0.10376060541355137
454,1.0,1792.9660400390626,339.0252567623908,0.0,0,1,10,589.6658,126.7547,396.1649,0.1032418023864836
455,-11.0,1985.0238444010417,650.6762458162685,0.0,0,1,12,584.34106,101.21069,377.23322,0.10272559337455119
456,-67.0,1804.6129925067607,486.3049872415107,0.0,0,1,78,621.2138,25.164993,364.19928,0.10221196540767843
457,-32.0,1811.100873514187,532.0807763729348,0.0,0,1,163,605.0844,-4.189163,358.47623,0.10170090558064004
458,-36.0,1796.688232421875,576.5064937891497,0.0,0,1,47,586.8513,36.996525,356.85254,0.10119240105273684
459,30.0,1710.3231469131097,358.2268908203062,0.0,0,1,41,596.0702,-47.22973,344.22873,0.10068643904747315
460,-8.0,1513.1507975260417,286.91328657718356,0.0,0,1,9,587.905,41.933937,362.97412,0.10018300685223579
461,70.0,1889.9391217912946,579.9011070106006,0.0,0,1,21,586.6535,-33.866753,353.68564,0.0996820918179746
462,-16.0,2228.7936509076285,408.56671266694843,0.0,0,1,17,658.1674,62.29917,393.8493,0.09918368135888474
463,1.0,1798.2018188476563,346.58849502028147,0.0,0,1,10,623.6504,87.59281,390.87012,0.09868776295209031
464,-45.0,2077.280589512416,500.9520598075897,0.0,0,1,56,641.19916,36.600586,386.50485,0.09819432413732986
465,0,950.921142578125,0.0,0.0,0,1,1,635.5298,88.27925,395.26752,0.09770335251664321
466,6.0,1766.0987467447917,399.00413933174156,0.0,0,1,15,637.0203,36.037155,379.25885,0.09721483575406
467,3.0,1790.639877319336,391.37832321177535,0.0,0,1,8,641.2993,45.595177,389.3905,0.09672876157528969
468,19.0,2008.475414276123,1040.1935703950212,0.0,0,1,32,640.8097,-146.3119,340.2347,0.09624511776741324
469,2.0,2385.7331607216283,1477.438073502397,0.0,0,1,19,638.4597,106.50169,400.92078,0.09576389217857617
470,-22.0,2218.9837699558425,1051.7526204174728,0.0,0,1,23,653.59576,156.16254,446.23022,0.09528507271768329
471,-1.0,1362.7575073242188,111.64581298828125,0.0,0,1,2,644.63525,133.00923,418.49298,0.09480864735409487
472,-7.0,2197.4974975585938,473.7446180794506,0.0,0,1,8,640.4497,91.652145,401.6033,0.0943346041173244
473,129.0,1972.891343639743,358.3322220946896,0.0,0,1,62,650.0219,-17.420977,348.74478,0.09386293109673778
474,-13.0,2011.844203404018,558.437023310379,0.0,0,1,14,636.2065,24.976381,369.47226,0.09339361644125409
475,-4.0,2047.4453125,633.5149326850711,0.0,0,1,5,636.6406,34.377983,378.98224,0.09292664835904782
476,14.0,2063.3826768663193,713.8896165128899,0.0,0,1,27,636.19916,4.4276094,379.37222,0.09246201511725258
477,-17.0,2177.60060521176,750.9925391887359,0.0,0,1,38,648.35394,36.175156,372.26898,0.09199970504166631
478,-30.0,1881.8797518102135,501.3111888007003,0.0,0,1,41,625.27783,46.25893,386.7072,0.09153970651645797
479,-18.0,2336.1958586040296,1099.015306146655,0.0,0,1,19,643.66095,88.447876,394.60928,0.09108200798387568
480,-3.0,1899.2397155761719,228.0945248002434,0.0,0,1,4,585.91156,148.63591,381.4007,0.0906265979439563
481,-23.0,1952.4797108968098,420.3298781567128,0.0,0,1,24,641.2127,106.2518,395.99017,0.09017346495423652
482,-3.0,2015.4309387207031,318.09872785984527,0.0,0,1,4,646.2609,134.80809,414.4882,0.08972259762946533
483,-20.0,2175.349416425151,767.7025770064877,0.0,0,1,31,657.15906,84.58292,412.35065,0.089273984641318
484,0,2176.6875,0.0,0.0,0,1,1,669.13055,149.8202,433.00665,0.0888276147181114
485,-6.0,2032.0533621651787,441.2370935135144,0.0,0,1,7,671.1577,130.52422,428.9744,0.08838347664452084
486,12.0,2045.509209994612,587.7683510715754,0.0,0,1,29,662.1062,36.486603,371.5686,0.08794155926129824
487,-3.0,2500.8145141601562,1241.8184181728614,0.0,0,1,4,646.7528,63.49014,388.898,0.08750185146499175
488,-35.0,2165.1777615017363,729.2147808782339,0.0,0,1,36,664.42737,60.96919,391.81598,0.08706434220766679
489,-13.0,2345.6514195033483,378.92471349297233,0.0,0,1,14,648.7727,66.80217,380.73032,0.08662902049662846
490,15.0,2057.1164940143453,751.3922041783985,0.0,0,1,116,649.71606,-27.240658,392.61234,0.08619587539414532
491,13.0,2007.8195495605469,219.5380161541259,0.0,0,1,8,634.129,25.06605,375.2916,0.08576489601717459
492,-11.0,1940.3455098470051,384.06372652002335,0.0,0,1,12,630.84247,22.297508,362.85477,0.08533607153708872
493,-43.0,2237.1404058283024,834.1991429440518,0.0,0,1,44,653.4071,31.48627,394.33035,0.08490939117940327
494,-20.0,2135.2560677877286,777.636296431509,0.0,0,1,41,676.46985,34.541454,409.48703,0.08448484422350626
495,-10.0,2101.70253684304,756.7433395976656,0.0,0,1,11,638.1358,44.75535,386.67303,0.08406242000238873
496,-4.0,2645.5814453125,642.5370925592715,0.0,0,1,5,638.2418,51.291164,388.86884,0.08364210790237678
497,-24.0,2138.35333984375,591.8169903837318,0.0,0,1,25,664.7936,61.936115,389.37607,0.0832238973628649
498,-4.0,1781.4453857421875,207.73935344713803,0.0,0,1,5,653.5534,98.34091,426.80823,0.08280777787605056
499,-14.0,1864.7798583984375,333.1404151390714,0.0,0,1,15,653.20624,102.46162,432.09644,0.08239373898667031
500,-35.0,2207.20657687717,797.9400323920071,0.0,0,1,36,655.7559,53.77399,408.75894,0.08198177029173696
501,13.0,2047.9567357113488,646.8876810539512,0.0,0,1,38,638.2384,14.7077875,384.55206,0.08157186144027828
502,-5.0,2275.74796295166,621.1204663247441,0.0,0,1,16,632.2122,-2.3847718,395.30185,0.0811640021330769
503,-40.0,2057.450875076593,602.119131977893,0.0,0,1,51,643.3078,71.83044,413.90045,0.08075818212241151
504,0,1711.01904296875,0.0,0.0,0,1,1,648.81525,88.0509,410.76816,0.08035439121179945
505,-58.0,2092.107658939085,653.6088649551817,0.0,0,1,69,661.666,19.357224,402.7909,0.07995261925574046
506,-29.0,2041.0043090820313,494.9155797471075,0.0,0,1,30,658.15356,42.276123,404.0185,0.07955285615946175
507,-17.0,2071.8768599660775,832.408492756777,0.0,0,1,38,650.16693,34.64305,399.00388,0.07915509187866444
508,-72.0,2009.0505883001513,649.2360968338103,0.0,0,1,93,646.6506,11.93943,386.31094,0.07875931641927113
509,0,2009.1578369140625,0.0,0.0,0,1,1,635.5923,58.74914,391.386,0.07836551983717477
510,-81.0,2047.7759759621542,619.903233232895,0.0,0,1,122,639.565,-1.0483103,382.38684,0.07797369223798889
511,-20.0,1934.093496927401,453.64277948990895,0.0,0,1,41,624.5544,16.913036,371.95898,0.07758382377679894
512,-40.0,2419.335237828697,815.075020571482,0.0,0,1,41,688.7416,32.208584,408.97125,0.07719590465791494
513,0,2392.767822265625,0.0,0.0,0,1,1,542.5319,141.06496,368.32843,0.07680992513462537
514,9.0,1998.3348388671875,572.8599853515625,0.0,0,1,2,551.8834,125.14075,374.66245,0.07642587550895225
515,0,2587.483154296875,0.0,0.0,0,1,1,562.6212,114.881935,372.24014,0.07604374613140748
516,0,2129.605224609375,0.0,0.0,0,1,1,566.22205,98.13279,371.46234,0.07566352740075044
517,0,3096.46728515625,0.0,0.0,0,1,1,566.00397,103.77153,373.22598,0.07528520976374668
518,0,1749.71435546875,0.0,0.0,0,1,1,565.9832,115.68563,376.92932,0.07490878371492794
519,0,1643.539794921875,0.0,0.0,0,1,1,562.51434,126.96524,378.1617,0.0745342397963533
520,0,2474.74267578125,0.0,0.0,0,1,1,562.4463,139.3444,381.92694,0.07416156859737154
521,0,2167.89453125,0.0,0.0,0,1,1,561.43805,152.42056,386.21774,0.07379076075438468
522,0,3777.068359375,0.0,0.0,0,1,1,557.0986,176.47264,392.9502,0.07342180695061275
523,0,5000.2998046875,0.0,0.0,0,1,1,553.1385,192.7955,398.7615,0.07305469791585968
524,9.0,3738.448974609375,549.683837890625,0.0,0,1,2,550.1538,209.93039,402.037,0.07268942442628039
525,2.0,2538.1247237356088,593.2805312029026,0.0,0,1,19,653.1583,45.704487,442.36377,0.07232597730414898
526,-15.0,2030.7333755493164,483.36139541149885,0.0,0,1,16,653.30096,95.51911,412.6377,0.07196434741762824
527,-33.0,2087.9159314954604,706.3502611371904,0.0,0,1,74,638.3906,24.192028,392.51715,0.0716045256805401
528,17.0,1991.9143389533547,714.3741114122462,0.0,0,1,34,608.5091,-7.623624,369.59875,0.0712465030521374
529,-4.0,1734.20107421875,332.77628201272915,0.0,0,1,5,579.15985,56.214424,378.21802,0.0708902705368767
530,-5.0,1914.8900146484375,601.6201800467045,0.0,0,1,6,579.6754,56.405937,380.1887,0.07053581918419231
531,35.0,1996.8125751201924,596.6736748240038,0.0,0,1,26,641.66003,-57.04546,345.44016,0.07018314008827135
532,-17.0,2223.6927286783853,454.1394244861983,0.0,0,1,18,633.09406,40.467438,386.31824,0.06983222438783
533,6.0,2201.0154488699777,823.4998526674825,0.0,0,1,35,650.25775,34.246902,386.59686,0.06948306326589085
534,-32.0,2087.856482303504,638.5993774642451,0.0,0,1,33,669.5204,113.83608,418.31113,0.0691356479495614
535,-23.0,2038.6747400620404,530.132434645052,0.0,0,1,34,663.30865,57.81298,409.7706,0.06878996970981359
536,-17.0,2188.3887736002603,981.272574294672,0.0,0,1,18,628.1958,-9.081899,373.28323,0.06844601986126451
537,-14.0,2129.3170084635417,590.0017407446684,0.0,0,1,15,642.65765,57.515766,412.62418,0.06810378976195819
538,-26.0,1900.0015539220863,445.03594059205886,0.0,0,1,37,647.9529,19.567207,395.94644,0.0677632708131484
539,-68.0,1957.3884400647096,609.6953029425925,0.0,0,1,99,649.1729,-23.208462,369.27515,0.06742445445908266
540,5.0,1868.643330891927,357.43329114815856,0.0,0,1,6,625.24603,100.55822,403.42285,0.06708733218678724
541,-4.0,1730.4572021484375,229.39387774754277,0.0,0,1,5,636.47156,117.68017,413.94424,0.0667518955258533
542,-27.0,2747.7203107561386,1116.4111202521963,0.0,0,1,28,692.50195,29.63631,414.62555,0.06641813604822402
543,-20.0,2211.3534633091517,554.4774100793975,0.0,0,1,21,662.9868,32.82781,410.06747,0.0660860453679829
544,-30.0,2157.5823289824693,537.2067162515393,0.0,0,1,41,646.5621,7.4458823,375.69376,0.06575561514114299
545,-8.0,2074.0633138020835,443.94581456278837,0.0,0,1,9,637.72107,24.173677,388.0849,0.06542683706543727
546,-9.0,2035.3892944335937,561.4970106853411,0.0,0,1,30,648.6124,28.719643,398.6731,0.06509970288011008
547,-12.0,1872.9671490009014,547.0607596419667,0.0,0,1,13,658.16003,47.17158,415.54205,0.06477420436570952
548,0,1921.60986328125,0.0,0.0,0,1,1,653.56647,82.25348,414.5327,0.06445033334388098
549,-6.0,2188.4940359933034,307.05648679805137,0.0,0,1,7,651.04205,43.750145,405.45764,0.06412808167716157
550,-26.0,2049.523885091146,530.8392986778383,0.0,0,1,27,645.6491,10.81583,390.1713,0.06380744126877576
551,-8.0,2201.8608269942433,345.9787097359858,0.0,0,1,19,670.50867,27.076574,408.72845,0.06348840406243188
552,-19.0,2406.8999755859377,566.5042867485961,0.0,0,1,20,657.8421,45.385742,409.00586,0.06317096204211972
553,-5.0,2531.1906356811523,798.0595052387016,0.0,0,1,16,660.09937,8.39278,401.68936,0.06285510723190912
554,79.0,2266.9181203534527,569.3105151203737,0.0,0,1,62,664.59845,-39.648182,420.5896,0.06254083169574957
555,-110.0,2095.701898239951,534.7976855719184,0.0,0,1,131,708.8282,-1.2597375,422.16013,0.062228127537270826
556,-58.0,2256.851627398141,616.5628613721371,0.0,0,1,79,710.06866,8.196266,424.38007,0.06191698689958447
557,-3.0,2135.0835876464844,527.9613430711696,0.0,0,1,4,673.503,156.99283,430.24493,0.061607401965086545
558,-3.0,1811.1609802246094,536.7167514534863,0.0,0,1,4,641.6682,205.61737,411.08234,0.06129936495526111
559,-46.0,1955.1498338130482,366.21027901799766,0.0,0,1,57,696.3899,16.124453,424.08508,0.0609928681304848
560,-41.0,2171.6820209209736,592.1748135037313,0.0,0,1,52,690.46246,23.952719,409.60522,0.060687903789832374
561,-6.0,2115.0096866383274,415.37920186904717,0.0,0,1,17,681.1968,9.065041,409.45837,0.06038446427088321
562,-14.0,2575.683553059896,765.0355535769503,0.0,0,1,15,734.1651,188.24438,467.14563,0.06008254194952879
563,1.0,2420.6909790039062,555.1601436093686,0.0,0,1,20,733.6917,16.627417,404.06723,0.05978212923978115
564,-75.0,2330.4401664733887,626.4958044889246,0.0,0,1,96,707.4885,3.995141,427.29694,0.05948321859358224
565,0,2826.73193359375,0.0,0.0,0,1,1,568.1293,204.77975,374.82193,0.05918580250061433
566,9.0,2911.5008544921875,225.2601318359375,0.0,0,1,2,569.9168,190.3928,369.98254,0.058889873488111255
567,0,2190.33251953125,0.0,0.0,0,1,1,565.74603,201.38593,375.9538,0.058595424120670696
568,0,2445.501220703125,0.0,0.0,0,1,1,562.2048,211.96397,380.13388,0.05830244700006734
569,-5.0,2601.4677734375,337.29284125628755,0.0,0,1,6,641.2677,227.73233,411.50458,0.058010934765067
570,-1.0,3464.923095703125,1936.002685546875,0.0,0,1,2,656.08966,272.37537,444.73047,0.05772088009124167
571,-12.0,2807.6136944110576,1182.0549407816372,0.0,0,1,13,728.1588,187.93117,479.89783,0.05743227569078546
572,-16.0,3007.458388384651,901.9391605919673,0.0,0,1,17,741.3323,208.60674,491.78943,0.05714511431233153
573,34.0,2441.07940284242,522.7730554354786,0.0,0,1,47,718.03577,-14.239328,422.00323,0.05685938874076987
574,-10.0,2199.1830473400296,384.65103208067444,0.0,0,1,21,705.80206,37.927025,416.45056,0.056575091797066025
575,-7.0,2446.843734741211,934.980358379035,0.0,0,1,8,670.7544,73.17628,411.06894,0.056292216338080694
576,-9.0,2382.489794921875,603.5851268947685,0.0,0,1,10,692.42487,43.1901,408.29562,0.05601075525639029
577,-277.0,2348.202409627051,624.3964954503961,0.0,0,1,358,740.2427,-59.11639,431.0489,0.05573070148010834
578,-6.0,2463.7237723214284,689.3470793042566,0.0,0,1,7,716.0904,47.41357,419.576,0.0554520479727078
579,-16.0,2266.6412927964157,519.4621370595762,0.0,0,1,17,725.90045,40.067745,417.4502,0.05517478773284426
580,-10.0,2329.0488725142045,582.9594577556684,0.0,0,1,11,718.73,52.817078,422.4034,0.05489891379418004
581,-43.0,2409.203302556818,709.2932799772736,0.0,0,1,44,735.4524,9.441015,433.28088,0.05462441922520914
582,-22.0,2749.168361497962,794.7360559572982,0.0,0,1,23,731.2976,29.190306,431.96008,0.0543512971290831
583,-21.0,2337.0170066139913,572.401688520172,0.0,0,1,22,717.6854,16.421234,413.64853,0.05407954064343768
584,-58.0,2372.683340338212,613.7969038037415,0.0,0,1,79,721.29425,15.333586,421.60666,0.05380914294022049
585,-20.0,2168.9793875558034,418.5766643646367,0.0,0,1,21,722.0803,11.752186,429.04044,0.05354009722551939
586,-21.0,2211.4061001864347,237.486390187332,0.0,0,1,22,714.78265,-4.9718714,410.425,0.05327239673939179
587,-44.0,2271.235682262074,439.5589441588089,0.0,0,1,55,727.45996,31.474792,436.38818,0.053006034755694834
588,-68.0,2436.162897423853,643.320577014365,0.0,0,1,79,729.2251,5.4604564,432.2125,0.052741004581916356
589,-2.0,2045.1419677734375,437.5199015627937,0.0,0,1,3,718.8362,44.545883,428.27267,0.052477299559006776
590,-6.0,2222.5708869485293,390.7234942173167,0.0,0,1,17,715.994,9.37056,412.99,0.052214913061211746
591,-25.0,2318.8833889431426,647.4180411493076,0.0,0,1,36,721.3981,-7.6494694,415.867,0.05195383849590569
592,-14.0,2369.43208984375,605.1949851892646,0.0,0,1,25,726.37726,17.584282,432.226,0.05169406930342616
593,-27.0,2474.264853341239,595.7672028962226,0.0,0,1,28,747.1919,32.499752,455.37427,0.05143559895690903
594,-45.0,2351.0510890794835,596.618969197726,0.0,0,1,46,738.7036,54.51365,449.78784,0.051178420962124486
595,-19.0,2324.2143981933596,557.0411515192225,0.0,0,1,20,731.7557,42.96396,441.70694,0.05092252885731386
596,-11.0,2600.7409464518228,518.0797689883356,0.0,0,1,12,734.7326,52.356853,444.20218,0.05066791621302729
597,-34.0,2375.912517438616,624.5891840895684,0.0,0,1,35,731.2744,34.973633,438.0195,0.05041457663196215
598,-46.0,2320.474194018872,621.916375414266,0.0,0,1,77,730.7333,-26.328253,420.98108,0.050162503748802344
599,-176.0,2344.499487552546,551.1191860225242,0.0,0,1,197,752.441,13.03594,432.87564,0.05
600,-109.0,2431.920360310872,744.2933133598393,0.0,0,1,120,744.2233,2.6681242,443.06473,0.05
601,-29.0,2512.8410034179688,711.6655371921461,0.0,0,1,30,757.4404,58.56895,467.4361,0.05
602,-89.0,2423.647149103338,571.4147054994429,0.0,0,1,110,779.4315,26.38718,453.7012,0.05
603,-2.0,2494.4667154947915,220.98083726144102,0.0,0,1,3,732.4518,36.40869,442.8735,0.05
604,0,3024.8916015625,0.0,0.0,0,1,1,729.7403,34.97297,439.71582,0.05
605,-29.0,2428.5470642089845,599.8957918190545,0.0,0,1,40,764.8159,27.967228,457.7386,0.05
606,-11.0,2502.336944580078,806.8612785978706,0.0,0,1,12,755.6055,94.91602,479.5908,0.05
607,-92.0,2439.2493857106856,668.9148007806662,0.0,0,1,93,768.144,22.051792,464.82083,0.05
608,-9.0,2644.1264892578124,1004.3457967763062,0.0,0,1,10,763.6045,72.806465,472.2352,0.05
609,-25.0,2321.520470252404,471.7506845634721,0.0,0,1,26,767.48956,85.44858,472.79044,0.05
610,-16.0,2579.6554529526657,774.6556010401825,0.0,0,1,17,764.0992,84.53991,465.57306,0.05
611,4.0,2313.8241182215074,619.0502266721466,0.0,0,1,17,764.41095,14.532782,451.42975,0.05
612,-1.0,2244.025146484375,297.944580078125,0.0,0,1,2,744.6946,23.95653,430.31113,0.05
613,-45.0,2382.6642238071986,822.6637577641299,0.0,0,1,56,746.75714,6.4584594,440.41962,0.05
614,-2.0,2767.381591796875,213.81610812129654,0.0,0,1,3,745.1994,57.760246,458.5448,0.05
615,-5.0,2346.619041442871,400.86038372756616,0.0,0,1,16,748.4785,15.317525,453.96054,0.05
616,-10.0,2614.5598366477275,717.9503943533156,0.0,0,1,11,759.08704,39.392803,455.7823,0.05
617,-10.0,2496.5774147727275,473.11896132972305,0.0,0,1,11,753.7895,47.50507,459.74905,0.05
618,-17.0,2283.4696519639756,514.9364968302962,0.0,0,1,18,754.5405,56.48572,457.84436,0.05
619,-18.0,2311.5671065481088,430.74486696591595,0.0,0,1,19,731.4896,34.626587,433.85822,0.05
620,-22.0,2379.460401452106,391.04299371755144,0.0,0,1,23,760.59467,73.59818,469.14752,0.05
621,-45.0,2330.8759739087977,771.9566380417082,0.0,0,1,46,753.66815,39.843426,449.16916,0.05
622,-18.0,2463.521750936703,538.0835669477023,0.0,0,1,49,763.0773,5.296718,469.0223,0.05
623,-21.0,2384.5792846679688,573.5616234900398,0.0,0,1,32,732.11053,67.834335,451.25073,0.05
624,-17.0,2459.230420793806,631.7046977830397,0.0,0,1,28,751.30975,30.998718,452.39026,0.05
625,-25.0,2341.460942195012,473.546335535297,0.0,0,1,26,737.9015,3.709578,435.47598,0.05
626,-73.0,2408.12759481894,555.4730083478895,0.0,0,1,74,757.9994,30.115303,459.76306,0.05
627,-52.0,2347.728041163031,463.70822746696564,0.0,0,1,53,752.31976,21.938183,444.8039,0.05
628,-3.0,2215.8953857421875,446.86735090266654,0.0,0,1,4,717.523,140.97609,448.31387,0.05
629,-43.0,2339.3811793971704,624.956678205562,0.0,0,1,74,744.2979,4.155404,438.50708,0.05
630,-4.0,2076.932421875,168.15512653829782,0.0,0,1,5,741.52,22.990398,439.01172,0.05
631,-49.0,2284.06619140625,654.4433342089175,0.0,0,1,50,750.22125,22.675797,449.80698,0.05
632,-143.0,2274.4532807448813,473.1087851271945,0.0,0,1,174,759.1356,0.80040836,458.55746,0.05
633,-9.0,2620.5771301269533,1344.0943087458008,0.0,0,1,20,763.52313,28.615402,466.91116,0.05
634,-4.0,2017.5720703125,291.18128696032755,0.0,0,1,5,753.444,120.4931,491.17227,0.05
635,-34.0,2207.2283284505206,446.5589391427966,0.0,0,1,45,756.98376,10.4630165,467.38333,0.05
636,-7.0,2297.5010986328125,569.5239587290287,0.0,0,1,18,765.51636,37.267914,461.17816,0.05
637,9.0,2301.9388594193892,616.9549875351734,0.0,0,1,22,734.73926,2.5329485,422.54007,0.05
638,-8.0,2397.5125189887153,420.15582648519177,0.0,0,1,9,726.5969,42.09133,444.26144,0.05
639,-4.0,2043.184912109375,423.22662216874215,0.0,0,1,5,726.5484,51.891872,444.31046,0.05
640,-9.0,2177.0069244384767,509.6372230640327,0.0,0,1,40,726.5372,-0.41543293,448.10892,0.05
641,-125.0,2428.764080726937,637.0180197087872,0.0,0,1,146,760.7192,15.637308,455.7533,0.05
642,-26.0,2305.767224900266,684.7819930368404,0.0,0,1,47,702.111,55.658733,430.8689,0.05
643,-59.0,2209.537599283854,647.5364743661758,0.0,0,1,150,716.7236,-20.073355,401.84576,0.05
644,-28.0,2177.87834534464,555.7443536669286,0.0,0,1,79,727.4871,21.62854,435.7644,0.05
645,-4.0,2680.5943115234377,590.2544601819116,0.0,0,1,5,711.63074,53.25408,449.54062,0.05
646,-13.0,2483.2323608398438,631.5890292662488,0.0,0,1,14,718.01605,81.004776,454.75626,0.05
647,-15.0,2099.8548677884614,320.4328018542749,0.0,0,1,26,703.14734,19.40297,430.4032,0.05
648,-99.0,2226.1582740196814,899.8210858668688,0.0,0,1,130,733.8381,0.8423753,432.5589,0.05
649,-2.0,2687.8240559895835,523.739204488238,0.0,0,1,3,621.1217,113.699135,374.06253,0.05
650,0,2872.85888671875,0.0,0.0,0,1,1,525.1964,42.030613,327.953,0.05
651,0,3883.0712890625,0.0,0.0,0,1,1,513.77594,14.608335,318.85907,0.05
652,0,31188.8515625,0.0,0.0,0,1,1,509.21164,43.554462,320.54962,0.05
653,0,30751.8359375,0.0,0.0,0,1,1,503.5213,20.636229,313.4151,0.05
654,0,20932.94921875,0.0,0.0,0,1,1,501.76752,28.033007,312.01846,0.05
655,0,15507.2421875,0.0,0.0,0,1,1,496.1099,18.261803,304.37384,0.05
656,0,12550.34375,0.0,0.0,0,1,1,496.66672,18.992594,303.85944,0.05
657,0,8669.8349609375,0.0,0.0,0,1,1,497.70786,35.576008,306.3668,0.05
658,0,7802.365234375,0.0,0.0,0,1,1,501.08286,65.63537,309.54932,0.05
659,0,3564.44775390625,0.0,0.0,0,1,1,504.20282,79.2473,312.53006,0.05
660,0,3291.96240234375,0.0,0.0,0,1,1,508.76285,87.21932,315.0483,0.05
661,0,2052.64404296875,0.0,0.0,0,1,1,516.5604,108.21981,321.0042,0.05
662,0,2467.36083984375,0.0,0.0,0,1,1,523.21716,107.98056,323.59076,0.05
663,0,4524.841796875,0.0,0.0,0,1,1,530.5213,129.37752,328.96036,0.05
664,0,2556.978515625,0.0,0.0,0,1,1,532.2348,133.47026,333.80347,0.05
665,0,4297.041015625,0.0,0.0,0,1,1,531.84796,156.89412,341.25385,0.05
666,0,3810.23291015625,0.0,0.0,0,1,1,518.56805,191.67891,348.61652,0.05
667,0,4655.84375,0.0,0.0,0,1,1,517.88275,209.00215,353.5503,0.05
668,0,5962.31884765625,0.0,0.0,0,1,1,506.20743,229.36163,358.34674,0.05
669,0,6442.3466796875,0.0,0.0,0,1,1,496.48267,248.56409,363.98358,0.05
670,-35.0,2055.3574644146543,956.005712927136,0.0,0,1,66,617.1685,-4.1385837,356.29324,0.05
671,-8.0,1390.4608561197917,359.1418212711652,0.0,0,1,9,525.3582,20.822693,325.70963,0.05
672,-276.0,1585.7783827393373,556.0438996411183,0.0,0,1,307,583.91705,-8.718485,331.75778,0.05
673,-14.0,1349.4791829427083,417.17643706141314,0.0,0,1,15,556.6318,48.893353,355.30896,0.05
674,-39.0,1528.4702889578682,515.159614062612,0.0,0,1,70,546.4775,-35.25037,330.2116,0.05
675,-10.0,1437.0337153416053,416.9822057022634,0.0,0,1,51,587.8679,-113.53251,312.4101,0.05
676,-125.0,1468.5407041986305,396.2751459260357,0.0,0,1,166,712.7504,-88.2117,358.21988,0.05
677,-7.0,1263.8502022879463,241.2115464156508,0.0,0,1,28,545.13,14.636389,323.8112,0.05
678,-47.0,1416.6621596392463,506.5016790852274,0.0,0,1,68,553.39044,-4.3972187,334.9162,0.05
679,-96.0,1424.990714352147,375.27152302219463,0.0,0,1,147,582.5033,-45.695602,345.0357,0.05
680,-32.0,1433.6129207970962,393.64551776027355,0.0,0,1,53,540.5633,-1.5000744,323.93808,0.05
